videoId,title,channelId,channelTitle,description,publishTime
czpKb0KDphc,Take SHARPER PHOTOS with this RULE üì∑ What is Shutter Speed?,UCzi1cAY62PslI1b-4KGVxoQ,Anthony Gugliotta,Panning Photography: https://youtube.com/shorts/Q4c5PXkrO_w What is Aperture: https://youtube.com/shorts/pZnwfXoPNMA Car ...,2022-11-21T16:00:22Z
Edvpu_939l4,"ISO, Shutter Speed and Aperture Explained | Exposure Basics for Beginners",UCHIRBiAd-PtmNxAcLnGfwog,B&H Photo Video Pro Audio,"In this video, David Flores explores the ""trinity"" of photography fundamentals: ISO, aperture, and shutter speed. Learning to not ...",2017-11-10T18:02:52Z
Vg1WDO4od90,How to Shoot in Manual Mode on your Camera,UCriqrppgdUbwL2YoE_e2nwg,Austin James Jackson,Shooting in manual mode is the best way to gain full control over the look of your photos. Choosing the right settings is more than ...,2024-05-03T15:15:02Z
V7z7BAZdt2M,PHOTOGRAPHY BASICS in 10 MINUTES,UC_sSJZnJdsnjuAKdr95D9HQ,David Manning,Learn Photo Editing Basics: https://youtu.be/ndGeYQtJSdQ Learn Photo RETOUCHING Basics: ...,2019-01-31T21:13:37Z
U_wPlZ59f3g,How to Focus Stack in Photography - QUICK and EASY!,UCriqrppgdUbwL2YoE_e2nwg,Austin James Jackson,"Focusing stacking is a technique that ALL landscape photographers should know how to do. Luckily, it's a lot easier to do than you ...",2024-03-21T17:00:21Z
FmmnzIgUHi0,Mobile Photography Idea,UCeRR3gl2xCB68ZO7O_z7cmA,Kunal Malhotra,,2024-10-16T07:20:52Z
hVuTuib65WM,80% Of Photography Basics In Just 10 Minutes,UCeMvA8xJIGgvEjO0kgGFOpg,Pat Kay,Welcome to the first episode of the new series called Beginners Guide! This new series aims to demystify and streamline creative ...,2023-06-13T12:00:34Z
UV5cvvYmJJI,The Rule of Thirds for Beginners | 60 seconds,UCGUSrx8dZxHVfpl5sI8CI8g,Matt Johnson,shorts Learning the rules of composition is one of the fastest ways to get better at photography. The rule of thirds is the easiest of ...,2021-02-10T20:20:16Z
dGKsjretvZY,Photoshop Tutorials #photoshop #photoediting #imageediting #clone  #clonestamptool @mistergraphics,UCpPRSsw9O7PM6ZoCWfbvx8A,Mister Graphics,Photoshop Tutorials #photoshop #photoediting #imageediting #clone #clonestamptool #image #images #photo #photography ...,2025-05-10T12:40:32Z
kplt-eUunt8,IMPROVE YOUR STUDIO PHOTOGRAPHY with these 5 TIPS,UCIWcYDDXXxyIUufuFv_Hykw,Phloshop,,2024-09-27T07:13:24Z
z_DgvMHnfjc,My go to settings for sports photography in manual mode,UCsaqasaF2ZWmceiq6DNEfAg,Brian Bosche,,2022-09-07T15:01:06Z
j0AMBFMjzXA,3 tips for iPhone food photography ü•û #foodphototips,UCcpxwzzg-oGEeHCr3_-m2SQ,Nick Anderson,,2024-02-14T21:23:13Z
97sq802BCBE,Try this easy mobile photography trick - The Vertical Panorama // #shorts,UCj9r3VS9Tuy9FRI87HrXgow,Demas Rusli,This is called a vertical panorama and it's such a great way to get an even wider ultra wide-angle shot without an even wider lens!,2021-08-09T11:00:02Z
h3Df1gPaCH0,5 tips for stunning iPhone photos‚Ä¶EVERY TIME!üì±#iphonephotography #iphonetips #iphonecamera,UC1Q5iU8ODtqQjKFZgz8JAPg,iPhone Photography School,,2024-01-31T09:51:10Z
3UpP2a2KMVI,Creative Photography Tips and Trick with Phone using pro Mode  | Mobile Photography Hacks,UCmJry6Nnjuai_A3zeTu-0jw,THE ADWIN ,"Rocky Edits photo graphy, photography, photography ideas, photography logo, photography hacks, photography shots, ...",2022-11-09T05:42:53Z
rLBJ5nimsCo,Selfie Photo Tip ü§≥üèº,UCl0L4ecl2ipGTVLp0zz8Puw,JD THECAMERAGUY,,2022-04-30T21:04:35Z
6l7sfhAFQ8M,Remove People in 15 Seconds with Photoshop!,UCMrvLMUITAImCHMOhX88PYQ,PiXimperfect,"The Quickest Way to Remove Any Subject or Object from an Image with Photoshop! In this short tutorial, learn how to use the ...",2021-04-30T15:00:04Z
5x3Hy7zie94,Lightroom Tutorial BASICS | Photo Editing Masterclass,UCpsHnULJAkwwckxzdmspKDw,sawyerhartman,Learn How To Make Six Figures With Your Camera! - https://www.skool.com/full-timecreator/about The Most Advanced Lightroom ...,2020-10-18T18:07:00Z
TpUIGW23FT4,Still taking mobile photos like this?,UCxhPkNnb4c82owMdEIHUAOg,THAT ICELANDIC GUY.,30 Days Free Photography Tips (instantly improve your composition) https://that-icelandic-guy.kit.com/93f485b79a Presets ...,2022-09-12T11:34:24Z
tQ9gPQAk8xY,How to Capture Stunning Landscape Photos: A Beginner&#39;s Guide,UCAa3CS6QjTk6GvEibfnjOQw,Ian Worth,"Sign up to Milanote for free with no time-limit: https://milanote.com/ianworth0724 Hey everyone! This week's video, is a beginners ...",2024-07-04T15:00:51Z
JlWPpcj6F34,from BLURRY to TACK SHARP photos with these camera settings #photography,UCOPJJLvR-N0hS8V-AWnQ-6w,Vanessa Joy,,2023-07-20T18:53:53Z
J39hFh1Apjc,How To Easily Take Photos Of Reflective Products‚ú® #vflatworld #photography @oliver_howells,UC_U00lPjO3HgAPP4S-wzOBQ,V-Flat World,,2023-06-20T19:12:33Z
VUg33pNa5zE,8 IMPORTANT Composition Tips for Better Photos,UCxCFQfO05RinX6x_r5VVuiA,Jamie Windsor,"8 IMPORTANT Composition Tips for Better Photos (Re-upload) So, you're looking to improve your photography and you're ...",2024-04-25T19:45:35Z
oHq4-KjiIfE,Tricks to take better iPhone photos in a cafe! ‚òïÔ∏èüì∏ #iphonephotography #iphonecamera #coffee,UC1Q5iU8ODtqQjKFZgz8JAPg,iPhone Photography School,,2023-04-26T20:47:53Z
-ps1vygCF8k,Car Photography and Editing Tutorials Is What I Do! - Life Through Optics #car #photography,UCuHSzVUbgpf-L64g31ea_hw,Life Through Optics,,2023-01-20T13:17:38Z
AJlp_obQgq8,How to take good pictures of people,UCZncx0SqnJIUZ8Ij0buCqsQ,Tim Shields,This is how to take good pictures of people. The first rule you should follow is the rule of thirds. When you are taking pictures of ...,2019-12-06T19:29:25Z
fhxIP2Z3PHY,MASTER This PRO Technique For SHARP Photos,UChuxvFyBYM3VtnLDz8l6vNA,Pierre T. Lambert,How I edit my photos (NEW presets pack): https://pierretlambert.com/presets & https://pierretlambert.com/presetsmasteriii ...,2024-06-27T16:44:34Z
ObqL8BNaXN0,HOW TO BE A SUCCESSFUL PHOTOGRAPHER (for beginners) &amp; how to get started with no experience | Q&amp;A,UCDQpvL5A9JS0xxi2lsjzR7Q,SydTheCreative,So you wanna know how to be a photographer but you dont know where to start? Maybe you want to be a photographer but you ...,2020-02-11T04:24:00Z
_lbfAotLHl0,Try this Creative Photography with your phone üí°üì± Easy Trick #youtubeshorts  #photography,UCQ98Bh1WIhpJxeWXc4i-A8w,Photofreak Guy,Steps :- ‚û°Ô∏èTake a small leaf and choose a green background ‚û°Ô∏è Open Pro Mode of phone camera ‚û°Ô∏èSet ISO : 100 (lowest ...,2023-09-06T10:47:20Z
OUr4auKUMRQ,10 Tips for Better Photos - photography tutorials and tips for beginners.,UC9lyUdwosxq_OxC1uggjUPA,Photo Genius,In this video I'm going to share with you 10 awesome tips so you can improve your photography technique and be more creative ...,2017-05-06T11:18:09Z
yhAmMUi2NmM,Learn Photography for Beginners | Full photography course,UCnSAUHBwdAEPWeeIs8LTViA,Parker Photographic,"This free, four-hour photography course was created for beginners. In it, you'll learn the four keys to creating amazing images and ...",2021-12-25T15:00:27Z
gGngRlWHmZw,How to become a better photographer through &#39;visual exercise&#39;,UC_43mQmHwHPTBBqImFrWU3Q,Sean Tucker,Website: http://www.seantucker.photography/ Instagram: https://www.instagram.com/seantuck/ Purchase book or prints: ...,2016-08-14T19:01:34Z
SXKqbNO7JZA,Panning Photography Tutorial video #mobilephotography #tutorial #panning #ytshorts #update,UCRx1ABql04rzU7kZUvOCFow,Kunal Malhotra Shorts,,2022-04-04T15:50:56Z
uyXiWF3mI2s,How to Shoot Manual in 10 Minutes - Beginner Photography Tutorial,UCFzegJR4D8LAIhyboaIWVpg,Hyun Ralph Jeong,Camera used: Fujifilm X-T3 Check out X-T5 - https://howl.me/cjqKqQFfJoB Lens used: Fujinon XF 23mm f2 ...,2019-08-04T09:25:02Z
f2XsQkuAsaU,"20 Essential Photography Tips For Beginner Photographers (Get Good, Fast)",UCeMvA8xJIGgvEjO0kgGFOpg,Pat Kay,"While there are so many ways to learn photography, there are also so many dead ends and potential rabbit holes you might waste ...",2021-06-22T11:00:12Z
ixRKeQMa7Nc,CAMERA BASICS!,UC3DkFux8Iv-aYnTRWzwaiBA,Peter McKinnon,"Learn the basics of photography. Aperture, Shutter speed and ISO. The fundamental big 3 you NEED to know! Lightroom PRESET ...",2018-04-24T19:32:23Z
KxwzzK-Dw5g,How to shoot food photography,UCwt6_cBr14FXEpj5Y2Ra_wA,AD Photo & Video,foodphotogtaphy #foodie #tabletopphotography @ADPhotoVideo22.,2022-10-16T18:34:05Z
qPEs-91zE7U,How to get the best out of warp stabilizer #adobepremierepro #photographytutorials,UCMQ3UyR4rKS5Ymv_-lHLK1g,Flynn on Film,,2023-05-17T16:58:54Z
YeyXp_A-__w,Get a better angle for your picture üì∏ #photography,UCGqzaGoBkdKvPrx_TuVceDA,Camera Bro,,2023-03-01T14:00:33Z
H-9qGWrW83M,EASY PHOTO IDEA with EPIC RESULTS! üí¶ü§Ø #photography #shorts,UC18fv3yDege-nPN5zO48eHg,Kyle Nutt,,2022-01-03T15:17:19Z
LxO-6rlihSg,Learn Photography [Full Course] by Australian Geographic Photographer Chris Bray,UCf24_j-t9ryR4pnkiXvUx1g,Chris Bray Photography,"Get off 'Auto Mode' and unlock your creative potential! This popular, complete course by award-winning photographer Chris Bray ...",2020-04-14T03:59:25Z
UMnxM1TBshE,MANUAL PHOTOGRAPHY BASICS and camera settings CANON &amp; NIKON beginners tutorial.,UC9lyUdwosxq_OxC1uggjUPA,Photo Genius,This week I show you how to get started with taking photos in the manual mode with demonstrations featuring both Canon and ...,2023-06-17T11:30:16Z
yzqGTWbhcIw,"If I Had to Start Photography From 0, Here&#39;s What I&#39;d Do!",UCBG4ZzTTBVg23yVdQhztnfQ,Jason Vong,This video is brought to you by SQUARESPACE! Visit http://squarespace.com/jasonvong to save 10% off your first purchase of a ...,2023-11-29T13:01:00Z
0UKZJz9VysM,skincare products photography tutorials at home #productphotography #productphotographytips,UCOUDuZO9MPdnuLXM5I-4nrw,Daisy Sharma,,2023-07-10T13:52:56Z
f2WqMrAd598,A Lesson In LIGHT (Street Photography),UCb4GVe1qSCpWJYxcCF_EmOA,Roman Fox,"Head to https://www.squarespace.com/romanfox to save 10% off your first purchase. BEHIND THE LENS: Exclusive content, ...",2021-11-24T17:00:34Z
nKM3jkEOpuE,4 Framing &amp; Composition Techniques for Beginners | Photography &amp; Video Training,UCWWq67D7TofEPq_eBiaYCWw,Learn Online Video,Correctly framing and composing your photos and videos is crucial in telling the best story possible!...but how do you do it? In this ...,2019-09-27T07:12:03Z
1DC59Dr2e1Q,5 Portrait Photography Tips That Changed Everything for Me,UCA7NPVw6lvFy0bYSitZs-PA,Martin Castein,Online workshops: https://www.martincastein.com/workshops -------------------------------------- My Camera Gear for Photo/Video ...,2024-12-02T17:01:31Z
Z6J5nN45cKk,How to Shoot in Manual Mode for Beginners + Examples,UCxbCDVe8TuzLbPFnxlC55Nw,Julia Trotti,The first 1000 people to use this link will get a free trial of Skillshare Premium Membership: https://skl.sh/juliatrotti01211 Photos ...,2021-01-12T15:00:12Z
qZUWdu2PnXg,"I Shot 100,000 Portraits: Here&#39;s What I Learned...",UCpmd_5VG_FiJI3sJjdWVMtg,Mitch Lally,My Lightroom Presets: https://www.mitchlally.com/presets/ My LUT Pack: https://www.mitchlally.com/luts/ ‚ö°Ô∏è Learn to create ...,2023-01-26T17:48:50Z
0v6hoRekxQc,BETTER THAN LIGHTROOM! DxO Photolab 8 is the BEST photo editing app!,UCDkJEEIifDzR_2K2p9tnwYQ,Tony & Chelsea Northrup,Get a free trial of DxO PhotoLab 8 at https://SDP.io/TRYPL Buy PhotoLab 8 at https://SDP.io/BUYPL & use 15% coupon CHELSEA ...,2024-09-24T23:51:51Z
Y6ff4m61Iwc,Simplify to Improve Composition,UCTSgfO_OkfRX8dm4YhCg3fg,SLR Lounge | Photography Tutorials,"Finding the beauty in simplicity, where less is truly more! Simplifying your background is one of the most powerful compositional ...",2023-06-30T15:00:33Z
4oCpYrn4f-I,Motion Freeze Photography | #mobilephotography #photography #tutorials #photoediting #photoshoot,UCV3Wv-vx9VyyWNOTf11M2oQ,Aditya Raj,Freeze motion is using your settings on your camera to stop the movement that is happening in your photo. As the photographer ...,2023-06-07T09:13:09Z
Cvnyoh-taxA,The Secret to Handheld Focus Stacking - Macro Photography Tutorial,UCMDsrAe5OSEfpj4R5OWtPog,Naturefold,Learn how to shoot consistent Focus Stacks fully handheld and manually. Stay tuned for part 2 on editing focus stacks in post!,2025-02-03T15:47:26Z
BAiN4Wyf_KY,Photography Tutorial | How To Take Better Portraits For Beginners,UCyW3WMyacFpUsfQ2VK26qcg,Bach Photography,"In this photography tutorial we explore how to take better portraits. This is a portrait photography tutorial for beginners, and will ...",2019-12-13T11:47:39Z
UfN9JPUV7NI,This Setting WILL Improve Your Photos! | Take and Make Great Photography with Gavin Hoey,UC8Pksdbj37CdE00kmE7Z1dw,Adorama,"Auto white balance, or AWB for short, is usually good enough for most photography, but there are three good reasons to set your ...",2024-09-02T14:00:24Z
KGkFcsuT2xI,Online Photography Tutorials : Beginners To Advanced,UCuwxuGc36QSFZsOPJEFzvmw,Sudhir Shivaram Photography,Take the next step towards becoming a better photographer. Subscribe Now at: https://bit.ly/2Hqqadj.,2019-03-16T14:18:44Z
O5oAxxzTG34,5 Street Photography Tips Every Photographer Should Know,UCTsvuq1quT9ZC_-uac6dc4Q,Faizal Westcott,"Visit Squarespace for a free trial and use the code ""FAIZAL"" for 10% off your first purchase: https://www.squarespace.com/faizal ...",2022-01-14T15:00:12Z
r1Ym80_L-Yo,Mastering Flash Photography: 5 Lighting Principles for Beginners,UCAYhU-t8F0rbxI_hQLe9spg,Westcott Lighting,Master flash photography with this comprehensive guide! Join photo educators and Westcott Top Pros Steve and Mark of ...,2024-08-19T10:00:50Z
_ZYGsx1i5L8,13 Smartphone Photography tips &amp; tricks,UCxCFQfO05RinX6x_r5VVuiA,Jamie Windsor,00:00 - The philosophy of phone photography 04:33 - The work of Kathy Ryan 07:47 - 13 tips for better photos 16:17 - Conclusion ...,2023-01-19T17:43:40Z
HTUjJoMNWqo,Master Your Camera in 20 Minutes | Tomorrow&#39;s Filmmakers,UCK8a56y4aVNhlpsJ1f3ZA4Q,Tomorrows Filmmakers,Join our Award Winning Online Film Academy with over 1000+ video lessons and over 100+ hours of content for only $97!!,2021-05-14T19:03:42Z
lHcA7pPwYZY,"Beginning Photography Fundamentals: Composition, Lighting &amp; Camera Settings",UCDkJEEIifDzR_2K2p9tnwYQ,Tony & Chelsea Northrup,Buy our photography books & video training at http://northrup.photo 10 years ago Chelsea & I made a 7-hour photography training ...,2023-06-29T12:37:07Z
WXdAX0No2hM,Be a Better Photographer in 45 mins,UCuwxuGc36QSFZsOPJEFzvmw,Sudhir Shivaram Photography,A simple straight forward video tutorial to help you with your basics of photography. Download my photography learning App: How ...,2017-09-22T13:44:21Z
fGnoutrbilw,Tommy Shelby - Cinematic photo idea.#photo #photography #photoideas  #tutorial #photographer #photos,UCm9lexV-MBSSLj_FFCt0zzA,Oleksii Melnyk,,2025-05-10T15:39:08Z
Fh6PIafC8wU,The ULTIMATE GUIDE to STREET PHOTOGRAPHY,UCBG4ZzTTBVg23yVdQhztnfQ,Jason Vong,The BEST Course on Street Photography on YouTube ft. @professorhineschoice Follow Us on IG/Twitter/TikTok @jasonvmedia ...,2022-05-15T13:00:01Z
rSq3gD-aiU4,5 MOBILE VIDEO TRANSITIONS + editing tutorial,UC-Md_S_A6VcSJiAhStZCKbw,Jordi Koalitic,Thank you all for joining the ‚ÄúColors in the Sky‚Äù ASUS ProArt x Jordi Koalitic Photo Contest. We will be announcing the winners on ...,2020-12-22T13:28:54Z
c7gpFQwtF68,The 9 types of portrait lighting photographers need to know-whether they&#39;re on location or in studio,UCzdTDJ4qo5XLh2sXTB1WsuQ,John Gress,"Types of studio lighting in photography: In this video you will learn one of the keys to mastering lighting! The term ""lighting ...",2023-11-27T15:07:17Z
QN4WQC-5_n8,Photoshop Photo Manipulation Tutorials | #tutorial #shorts,UCxZGapTKkkeMS0z17Tp3TWQ,Graphic design ray,manipulation photoshop tutorial tamil photoshop manipulation face manipulation photoshop tutorial bangla photoshop ...,2024-01-05T08:31:17Z
S2473HuNQ4A,Telugu photography tutorials 30days 30 buttons day 3 #teluguphotographyvlogs #viewfindersnap,UCoAgWm7qF2Tlckzy4yW7qJw,Telugu photography vlogs,Telugu photography tutorials 30days 30 buttons and options day 3 #teluguphotographyvlogs #viewfindersnap.,2024-11-05T13:00:29Z
KvIfXkZyPGQ,"BIRD PHOTOGRAPHY 101: Beginners guide for settings, finding birds, tricks, equipment, and more!",UCH6acC9jnug-mI4vdGvuDbA,Simon d'Entremont,"Want to take amazing wildlife photos? Check out my new course with 20 modules and over 5 hours of content, no fluff!",2022-05-12T18:24:37Z
YTl9-VWe1xg,Macro Photography for Beginners ‚Äì Complete Tutorial,UCJ9XPzyAZ4JP1HqxAN71dMQ,Micael Widell,Thanks for watching! My e-book with EVERYTHING I know about Macro Photography: https://bit.ly/macro-handbook In this ...,2022-03-16T10:34:23Z
0NJSkGjuRZI,üìçIG Reel Tutorialüìç#shorts #instagram #reels #tutorial #tutorials,UC954L7Su4sJOpecvblmBnBQ,The Hobby Photo Guy,,2022-03-09T00:24:56Z
AA1DASWrR38,Street Photography Tutorial - Zone Focusing,UCT6OaTPyEy4JUmrxs04naeQ,David Coleman,Street Photography Tutorial - Zone Focusing by David Coleman Photography & Workshops In this video you will learn the basics ...,2017-12-21T00:27:07Z
1vT07QVwZuA,$1500 Photography Only Camera Setup,UC1AkvxHlC7JAA4N4wTs3h5Q,Zac Watson,Learn to edit like a pro today - https://bit.ly/LightroomLaunchPad. My Master Collection of Lightroom Presets ...,2025-05-10T16:00:02Z
4hU5vjWPHqM,Camera FLASH TIPS that you may have missed - photo genius photography tutorials #shorts,UC9lyUdwosxq_OxC1uggjUPA,Photo Genius,Camera flash in less than a minute for your Canon or Nikon. More Nikon tips here : https://youtu.be/1ITSVqZuMXc Canon tips ...,2023-07-01T20:18:50Z
T_F7s7FWm6U,How I made this beautiful Photo üòç #short #photography #tutorials,UCpWzk03LKP-Ta0i65zLqUdA,Houssam Visual,,2023-05-10T01:13:35Z
MyV9GRnM_V4,Photography Tutorials #photography #tutorial #video #viral #trending #youtubeshorts #youtube,UC1fi1MXYIvT8z173FHgcjMw,Amish Records,,2022-10-08T19:27:20Z
_GFlR5e1ueY,The EASIEST Trick in Product Photography,UC3DkFux8Iv-aYnTRWzwaiBA,Peter McKinnon,Lightroom Editing Presets + Limited Edition Prints! : https://bit.ly/3pAM2X9 The Music I use: https://bit.ly/2KJwcVG - AMAZING for ...,2022-07-05T15:30:49Z
GmOK13QQCp0,Photography you can try at home Photography Tutorials,UCY0ceNJ1gybHYUmGjoz0YsA,Gary Gough,"Photography Tutorials Photography you can try at home. In this video, I offer a taster of the photography tutorials I'm about to ...",2020-04-04T16:00:06Z
5mpP-6s8ZTw,$40 Viral Camera ACTUALLY Good?,UCLVihavmaUONy0SeOX_F7aw,SarahGrace,,2025-05-08T20:03:02Z
begVpsNcKC4,Using IPad Screen for Photography #photographytutorials #beginnerphotography #photographyeveryday,UCxd0CN8tzFopkFWuwSGYH8w,Camera Bamboo,,2023-02-14T19:31:41Z
mBJCTblsV3k,"Long Exposure Photography Essentials | Top Techniques, Expert Tips, and Gear Guide",UC8b2EdQ0h5lynAzMxp3H7uA,Rico J. Needham,"Master Long Exposure Photography Essentials | Top Techniques, Expert Tips, and Gear Guide Unlock the full potential of long ...",2024-08-23T21:00:06Z
XBBoRjDpEHE,‡¥é‡¥®‡µç‡¥§‡¥æ‡¥£‡µç‚Äå SHUTTER SPEED? #photography #photographytutorials #malayalam,UCOJeP2tKDxfpFNMQOhXYUgA,Soulfullandscapes,"Master shutter speed in photography with this quick guide! Shutter speed controls how long your camera's shutter stays open, ...",2025-01-23T05:00:32Z
WRW50aNfzSI,The best Lightroom mobile export settings! #photography #tutorial #photographytutorials #editinghack,UCwRCDfJeR5Q7PhHFxhK-8BQ,Luke Bertram,,2023-03-01T21:03:38Z
dNQOTXSL7qc,The only photography tip I bother with now.,UC6WYZrzBuNQnz_2F4EqjhDQ,James Popsys,Head to https://www.squarespace.com/james to save 10% off your first purchase of a website or domain using code JAMES.,2024-10-30T12:15:47Z
0xYf_PI3zOY,Lesson11.1 - Night Photography (Photography Tutorials),UCchFM6wXty2IJXA9SiTVN4w,easyexposure,This is a tutorial about night photography. I will show you how to take a long exposures during the night. Find out what camera ...,2012-02-11T00:02:10Z
lt5w7x6QEGM,How to start Photography! 5 Things You Should Know | Photography Tutorials For Beginners,UCmmXIMx-JG38sjcrwdUR1kA,Erwin Marionneaux,"Here are 5 things to understand on how to start photography and your business or career! For more Photography Tips, hacks, and ...",2017-09-20T18:36:29Z
8PUMKzrbOuU,Photography Tutorials - Tips For Better Landscape Photography,UC6B4CXhPmo-3fZ9X_vUag6w,jpatersonphotography,This is a quick video which explains how to keep your foreground and background in focus and sharp whilst taking landscape ...,2009-12-24T09:51:21Z
Kf6nirVhzXc,APERTURE f NUMBERS EXPLAINED - why are they back-to-front? Photography tutorials for beginners.,UC9lyUdwosxq_OxC1uggjUPA,Photo Genius,"In response to many requests in the comments section, in this weeks video I want to explain why the aperture f numbers appear to ...",2023-01-17T12:00:23Z
TiYMuWioY_8,The SECRET To Nailing Your Exposure EVERY TIME,UCkwNWnivy9-On-1aXk4gf-Q,Steve Arnold,Master your camera here: ...,2024-06-21T12:50:32Z
-g5lGI_iqTY,How to make your subject POP in Lightroom mobile! #photographytutorials #howto #lightroommobile,UCwRCDfJeR5Q7PhHFxhK-8BQ,Luke Bertram,,2023-02-27T00:06:06Z
We0Dakl1n6I,Landscape Photography editing with Lightroom - Photo Genius photography tutorials for beginners.,UC9lyUdwosxq_OxC1uggjUPA,Photo Genius,A guide to basic landscape edit using Lightroom. ‚û°Ô∏è The first 1000 people to use this link will get a 1 month free trial of ...,2021-10-31T14:00:22Z
DR8LOPEwyp0,Learn Newborn Lifestyle Photography | Photography tutorials,UC7lwr3AL6hAId7xQI3bdchg,MomTog Educate,Learn Newborn Lifestyle Photography with Photography tutorials that are easy to navigate and learn from. Implement your new ...,2022-06-10T16:14:12Z
hY2_t2uynoA,No photographer? No problem! | DJI Neo Vlog Tutorial,UCsNGtpqGsyw0U6qEG-WHadA,DJI,"No photographer? No problem! In this special Mother's Day edition, watch as a pregnant mom uses the DJI Neo to capture her ...",2025-05-11T15:45:03Z
Se1WzQLyldk,How To Get Super Sharp Photos Every Time With Any Camera,UCeMvA8xJIGgvEjO0kgGFOpg,Pat Kay,"No matter what camera I use, I use the same techniques to make sure my photos are super sharp, every time, with any camera.",2021-06-08T11:00:17Z
FqVQ_fuQA0w,cenemetrik photography tutorial üò± #shortvideo #photography #trending #tutorial,UCGcDmACA8NOY7HoiI_lI0Nw,Rakib Vai Creativity,‡¶ï‡¶ø‡¶≠‡¶æ‡¶¨‡ßá ‡¶ì‡¶∏‡¶æ‡¶ß‡¶æ‡¶∞‡¶® ‡¶´‡¶ü‡ßã‡¶ó‡ßç‡¶∞‡¶æ‡¶´‡¶ø ‡¶ï‡¶∞‡¶æ ‡¶π‡¶Ø‡¶º   ‡¶´‡¶ü‡ßã‡¶ó‡ßç‡¶∞‡¶æ‡¶´‡¶ø ‡¶≠‡¶ø‡¶°‡¶ø‡¶ì ‡¶¶‡ßá‡¶ñ‡¶§‡ßá ‡¶ö‡ßã‡¶ñ ‡¶∞‡¶æ‡¶ñ‡ßÅ‡¶® ...,2025-05-07T07:11:16Z
igfPrqz3KC4,What is shutter speed!?            #shutterspeed #photography #photographytutorials,UCN3U77hj4a8bJ0jpwSxaZFw,Teppo Haapoja,Get 2 Months Free of Artlist - Best Place for Music - https://bit.ly/3AeRtQo Graded with my Cine Luts - https://bit.ly/3utNBYg ...,2023-03-14T16:02:54Z
lhHLTqr6C1g,Photography Tutorials       #photography #tutorial #trending #video #viral #nature #foryou #iphone,UC1fi1MXYIvT8z173FHgcjMw,Amish Records,,2022-10-16T08:55:05Z
wp-JWpvbVDU,üì∑ how to click strangers?ü§™ #shorts #photography #tutorials #tips #travel,UChuMeX2QFLjkkPP7ZY1iDmg,Iffy Explorer,,2022-07-23T13:06:08Z
IJW3csgqkYc,"CAMERA METERING EXPLAINED: Spot, Evaluative, Partial or Center?",UCBVWMR8Adip9IbqbIPHjnvg,PhotographyExplained,Want to start taking photos that leave your friends and family speechless? Download our FREE cheat sheets: ...,2024-07-25T14:13:31Z
G_xwkK490Bg,"Halloween Photography tutorials, Reaction #photography #photographer #shorts #youtubeshorts",UChtNycWRPPOVYIm0j_ed7Nw,Ultimate Fun,"Halloween Photography tutorials, Reaction Shorts video keyword: videoshoot shooting viral video photography videoshoot lshorts ...",2024-06-08T03:55:16Z
